pX,pY,Size,System
118254.999985,113975.000016,110,PS-2-CAP-EME-
191991.847294,106225.0,50,PS-2-CAP-AR-
68574.99965,135562.5,50,PS-2-CAP-AR-
59627.271126,111375.0,50,PS-2-CAP-AR-
59150.0,69352.499992,50,PS-2-CAP-AR-
65764.490486,82065.461224,50,PS-2-CAP-AR-
66851.365864,95316.310523,50,PS-2-CAP-AR-
68770.763703,97564.756869,50,PS-2-CAP-AR-
79350.0,101840.0,50,PS-2-CAP-AR-
80485.0,101875.0,50,PS-2-CAP-AR-
81620.0,101840.0,50,PS-2-CAP-AR-
82720.0,101840.0,50,PS-2-CAP-AR-
79860.0,113875.0,50,PS-2-CAP-AR-
109346.408545,68403.718577,50,PS-2-CAP-AR-
158425.031044,53107.109605,110,PS-2-CAP-AR-
175700.031399,51507.109605,110,PS-2-CAP-AR-
172270.857359,46063.495801,50,PS-2-CAP-AR-
175193.867446,46314.165265,50,PS-2-CAP-AR-
180440.779864,49682.176222,50,PS-2-CAP-AR-
216152.691694,48925.0,50,PS-2-CAP-AR-
222734.220136,46649.999999,50,PS-2-CAP-AR-
220549.220136,48149.602664,50,PS-2-CAP-AR-
208025.175694,61000.0,110,PS-2-CAP-AR-
202185.0,61450.0,50,PS-2-CAP-AR-
203385.0,61947.5,50,PS-2-CAP-AR-
201835.0,61947.5,50,PS-2-CAP-AR-
202625.0,61049.999032,110,PS-2-CAP-AR-
188335.779864,69375.0,50,PS-2-CAP-AR-
187285.0,68824.220136,50,PS-2-CAP-AR-
185143.047449,68824.220136,50,PS-2-CAP-AR-
181240.0,68834.220136,50,PS-2-CAP-AR-
171614.042874,75949.999999,50,PS-2-CAP-AR-
170274.999032,75949.999999,110,PS-2-CAP-AR-
159590.0,83337.5,50,PS-2-CAP-AR-
160275.917026,83594.339909,50,PS-2-CAP-AR-
160910.0,87031.720136,50,PS-2-CAP-AR-
187590.0,91860.779864,50,PS-2-CAP-AR-
204560.0,74075.779864,50,PS-2-CAP-AR-
204375.0,75809.376386,50,PS-2-CAP-AR-
207835.0,75775.005236,50,PS-2-CAP-AR-
221950.0,77260.0,50,PS-2-CAP-AR-
223109.99998,77100.0,50,PS-2-CAP-AR-
186344.2708,106750.0,50,PS-2-CAP-AR-
105423.504274,130614.979643,50,PS-3-CAP-AR-
137440.455954,126674.851204,50,PS-3-CAP-AR-
205674.999032,75905.762941,110,PS-2-CAP-AR-
66425.807046,86767.686916,110,PS-1-CAP-IK-1-
63500.000005,70099.96939,110,PS-1-CAP-IK-1-
63499.807228,102095.368608,110,PS-1-CAP-IK-1-
46257.881861,125420.806399,110,PS-1-CAP-IK-1-
46257.881866,125220.808378,110,PS-2-CAP-EME-
63104.293907,108192.430912,110,PS-2-CAP-EME-
63104.293913,108392.428932,110,PS-1-CAP-IK-1-
76277.077902,121475.31909,110,PS-2-CAP-EME-
76277.077902,121275.321069,110,PS-1-CAP-IK-1-
69455.398846,130895.706368,110,PS-1-CAP-IK-1-
68881.411483,130347.246947,110,PS-1-CAP-IK-1-
68654.339771,130291.333973,110,PS-2-CAP-EME-
59534.069628,138267.088486,110,PS-2-CAP-EME-
59279.071608,138212.088491,110,PS-1-CAP-IK-1-
72581.3864,118955.595522,110,PS-2-CAP-EME-
72324.438395,118995.563579,110,PS-1-CAP-IK-1-
106480.03061,121080.000005,110,PS-1-CAP-IK-1-
106480.03061,125319.999995,110,PS-1-CAP-IK-1-
90480.03061,125319.999995,110,PS-1-CAP-IK-1-
90480.03061,121080.000005,110,PS-1-CAP-IK-1-
82480.03061,125319.999995,110,PS-1-CAP-IK-1-
189105.0,95350.0,110,PS-2-CAP-EME-
131753.263709,18649.972586,110,PS-2-CAP-EME-
131755.000015,22950.000016,110,PS-2-CAP-EME-
142163.494,15624.81734,110,PS-2-CAP-EME-
138185.0,43225.0,50,PS-2-CAP-AR-
138395.779864,40925.0,50,PS-2-CAP-AR-
130584.923363,16305.116519,50,PS-2-CAP-AR-
122140.078538,44666.28812,110,PS-1-CAP-IK-1-
93100.0,24320.0,110,PS-2-CAP-EME-
134416.828403,29022.095082,110,PS-2-CAP-EME-
230465.000015,91225.001219,110,PS-2-CAP-EME-
229314.220136,53929.471408,50,PS-2-CAP-AR-
236584.608348,47630.997468,50,PS-2-CAP-AR-
235350.0,52467.381077,110,PS-2-CAP-AR-
245200.140908,40201.060561,50,PS-2-CAP-AR-
239460.0,61850.0,50,PS-2-CAP-AR-
239485.0,61075.0,50,PS-2-CAP-AR-
237975.0,59165.023597,50,PS-2-CAP-AR-
238835.0,64693.261388,50,PS-2-CAP-AR-
226175.0,68860.779864,50,PS-2-CAP-AR-
232389.220137,70350.0,50,PS-2-CAP-AR-
224700.0,69060.0,50,PS-2-CAP-AR-
226826.107552,92325.0,110,PS-2-CAP-AR-
234400.0,79815.0,50,PS-2-CAP-AR-
270280.03061,74919.999995,110,PS-1-CAP-IK-1-
286280.03061,70680.000005,110,PS-1-CAP-IK-1-
294280.03061,70680.000005,110,PS-1-CAP-IK-1-
277907.218363,77955.807046,110,PS-1-CAP-IK-1-
243335.297114,64947.000823,110,PS-1-CAP-IK-1-
232994.601154,80495.706368,110,PS-1-CAP-IK-1-
233568.588517,79947.246947,110,PS-1-CAP-IK-1-
230125.561605,68595.563579,110,PS-1-CAP-IK-1-
239005.000005,93955.03061,110,PS-1-CAP-IK-1-
243299.999995,101900.03061,110,PS-1-CAP-IK-1-
246280.807046,109582.218363,110,PS-1-CAP-IK-1-
262280.03061,70680.000005,110,PS-1-CAP-IK-1-
294280.03061,74919.999995,110,PS-1-CAP-IK-1-
277907.218363,77678.307046,110,PS-1-CAP-IK-1-
270280.03061,74752.499995,110,PS-1-CAP-IK-1-
238950.000005,43699.96939,110,PS-1-CAP-IK-1-
243299.999995,117900.03061,110,PS-1-CAP-IK-1-
243307.5,117600.032589,110,PS-2-CAP-EME-
262280.03061,70847.500014,110,PS-1-CAP-IK-1-
294280.03061,70847.500005,110,PS-1-CAP-IK-1-
294280.03061,74752.499995,110,PS-1-CAP-IK-1-
268306.05326,73886.786024,110,PS-7-CAP-AN-
248495.0,55025.0,110,PS-2-CAP-EME-
256082.118134,75225.0,110,PS-2-CAP-EME-
211969.96939,70680.000005,110,PS-1-CAP-IK-1-
219969.96939,74919.999995,110,PS-1-CAP-IK-1-
211969.96939,74919.999995,110,PS-1-CAP-IK-1-
188680.03061,74919.999995,110,PS-1-CAP-IK-1-
188404.967411,74982.499983,110,PS-2-CAP-EME-
203946.025639,80075.0,110,PS-2-CAP-EME-
219395.0,92250.0,110,PS-2-CAP-EME-
157730.446379,52852.499999,50,PS-2-CAP-AR-
157717.946379,53107.109605,110,PS-2-CAP-AR-
119454.999985,111100.000016,110,PS-2-CAP-EME-
120375.0,86280.0,50,PS-2-CAP-AR-
164495.0,88769.999993,50,PS-2-CAP-AR-
113479.967411,125319.999995,110,PS-1-CAP-IK-1-
85951.468368,46406.782893,65,PS-PW-1-CAP-
85951.468368,52924.122014,65,PS-PW-1-CAP-
74214.086722,81500.0,65,PS-PW-1-CAP-
110974.999961,35537.383389,65,PS-PW-1-CAP-
110375.000039,35537.383389,65,PS-PW-1-CAP-
113082.68786,46617.14015,65,PS-PW-1-CAP-
116442.324009,38101.455136,65,PS-PW-1-CAP-
79792.988267,101284.291616,65,PS-PW-1-CAP-
273885.622444,73886.786024,65,PS-PW-1-CAP-
281276.388775,73886.786024,65,PS-PW-1-CAP-
271694.03172,72133.99767,65,PS-PW-1-CAP-
275325.0,75461.709178,80,PS-PW-1-CAP-
294164.493412,73896.189507,65,PS-PW-1-CAP-
295273.449125,80777.391098,65,PS-PW-1-CAP-
228754.583859,37588.762362,65,PS-PW-1-CAP-
235525.0,8774.953878,50,PS-PW-1-CAP-
48298.73546,117011.4071,65,PS-PW-1-CAP-
46552.424202,121887.964484,65,PS-PW-1-CAP-
59150.192773,78095.368608,110,PS-1-CAP-IK-1-
63500.000006,78099.96939,110,PS-1-CAP-IK-1-
59150.192773,70095.368608,110,PS-1-CAP-IK-1-
59150.192773,102095.368608,110,PS-1-CAP-IK-1-
59150.192773,94095.368608,110,PS-1-CAP-IK-1-
63499.807227,94095.368608,110,PS-1-CAP-IK-1-
61618.79604,62359.194873,110,PS-2-CAP-AN-
64265.967701,80264.04454,50,PS-2-CAP-AN-
64713.552518,82030.016427,50,PS-2-CAP-AN-
61576.389752,95117.70944,110,PS-2-CAP-AN-
65673.183112,95117.70944,110,PS-2-CAP-AN-
48598.73546,124202.227251,110,PS-2-CAP-AN-
43088.232291,106403.041168,65,PS-PW-1-CAP-
69150.400825,130833.206373,110,PS-2-CAP-EME-
55294.310183,136200.000005,110,PS-2-CAP-AN-
59320.68864,136200.000005,110,PS-2-CAP-AN-
58048.63828,136200.000005,110,PS-2-CAP-AN-
74500.410594,112564.636267,50,PS-2-CAP-AN-
70155.43817,112564.636267,110,PS-2-CAP-AN-
63914.22106,112564.636267,110,PS-2-CAP-AN-
62364.155092,110148.263389,110,PS-2-CAP-AN-
62364.155092,108758.407973,110,PS-2-CAP-AN-
62862.397763,109169.167659,110,PS-2-CAP-AN-
86320.371016,109330.281352,110,PS-2-CAP-AN-
82456.818288,109330.281352,110,PS-2-CAP-AN-
81020.124568,109330.281352,110,PS-2-CAP-AN-
80146.063787,109330.281352,110,PS-2-CAP-AN-
79275.0,110361.197653,110,PS-2-CAP-AN-
79275.0,111901.482505,110,PS-2-CAP-AN-
79275.0,113032.349013,110,PS-2-CAP-AN-
79275.0,114416.760295,110,PS-2-CAP-AN-
80225.721711,110091.285677,110,PS-2-CAP-AN-
84315.390885,100375.0,110,PS-2-CAP-AN-
88483.272079,100375.0,110,PS-2-CAP-AN-
90462.735251,100375.0,110,PS-2-CAP-AN-
82520.834557,100375.0,110,PS-2-CAP-AN-
83497.363799,100375.0,110,PS-2-CAP-AN-
80350.0,101155.462834,110,PS-2-CAP-AN-
82520.834557,100075.0,65,PS-PW-1-CAP-
90466.799598,100075.0,65,PS-PW-1-CAP-
91575.678526,95771.846537,65,PS-PW-1-CAP-
91575.678526,91613.098129,65,PS-PW-1-CAP-
107295.083486,98447.433508,50,PS-2-CAP-AN-
107010.57751,92986.581394,50,PS-2-CAP-AN-
129679.308586,37525.779864,50,PS-2-CAP-AR-
129679.308586,34875.779864,50,PS-2-CAP-AR-
234193.033408,86832.165699,110,PS-2-CAP-AN-
243299.999995,27699.96939,110,PS-1-CAP-IK-1-
238950.000005,27699.96939,110,PS-1-CAP-IK-1-
246288.307046,109762.247576,110,PS-2-CAP-EME-
243299.350403,43708.397509,110,PS-1-CAP-IK-1-
243299.999995,51699.96939,110,PS-1-CAP-IK-1-
115309.884156,92986.581394,110,PS-2-CAP-AN-
112594.538737,90645.874257,110,PS-2-CAP-AN-
117965.0,86279.999999,50,PS-2-CAP-AN-
115425.0,87074.66327,110,PS-2-CAP-AN-
115425.0,85772.713211,110,PS-2-CAP-AN-
130847.431599,44446.802512,110,PS-2-CAP-AN-
133567.238401,38150.0,110,PS-2-CAP-AN-
145713.349751,9350.0,110,PS-2-CAP-AN-
130235.760501,20735.253533,110,PS-2-CAP-AN-
136928.620271,9350.0,110,PS-2-CAP-AN-
130235.760501,17364.695322,110,PS-2-CAP-AN-
130235.760501,15868.946286,110,PS-2-CAP-AN-
130235.760501,13377.371429,110,PS-2-CAP-AN-
130235.760501,10707.350549,110,PS-2-CAP-AN-
130280.714546,6209.397254,50,PS-2-CAP-AN-
132802.767003,9350.0,110,PS-2-CAP-AN-
135548.984309,9350.0,110,PS-2-CAP-AN-
135798.471012,6271.553538,50,PS-2-CAP-AN-
137268.412086,38150.0,110,PS-2-CAP-AN-
95395.0,18044.057757,110,PS-2-CAP-AN-
91187.182371,24564.409818,50,PS-2-CAP-AN-
95111.580937,24564.409818,110,PS-2-CAP-AN-
93375.636995,26450.0,50,PS-2-CAP-AN-
91187.182371,28085.779864,50,PS-2-CAP-AN-
94323.090339,28085.779864,50,PS-2-CAP-AN-
96156.248713,23622.698165,50,PS-2-CAP-AN-
96317.158921,19649.220136,50,PS-2-CAP-AN-
96317.158921,31537.562919,50,PS-2-CAP-AN-
95395.0,21229.70991,110,PS-2-CAP-AN-
95395.0,23887.31343,110,PS-2-CAP-AN-
95395.0,25488.382837,110,PS-2-CAP-AN-
95395.0,27126.492265,110,PS-2-CAP-AN-
95395.0,28397.802778,110,PS-2-CAP-AN-
95395.0,30898.638308,110,PS-2-CAP-AN-
95395.0,12095.615775,110,PS-2-CAP-AN-
122195.078545,44311.2901,110,PS-2-CAP-EME-
114629.155445,44366.2901,110,PS-2-CAP-AN-
111517.006845,44366.2901,110,PS-2-CAP-AN-
109787.416277,43900.721355,110,PS-2-CAP-AN-
110675.0,40412.681325,110,PS-2-CAP-AN-
110375.0,40848.061421,65,PS-PW-1-CAP-
130847.431599,39710.02004,110,PS-2-CAP-AN-
96662.644167,44049.884256,110,PS-2-CAP-AN-
91707.357458,36249.884256,110,PS-2-CAP-AN-
94244.583946,42603.969257,110,PS-2-CAP-AN-
96026.430394,39551.334274,50,PS-2-CAP-AN-
87904.072313,36249.884256,110,PS-2-CAP-AN-
125850.0,73050.769741,110,PS-2-CAP-AN-
110865.557954,86002.022008,50,PS-2-CAP-AN-
107602.697297,90645.874257,110,PS-2-CAP-AN-
105635.115432,90645.874257,110,PS-2-CAP-AN-
99727.00296,90645.874257,110,PS-2-CAP-AN-
92737.058311,90645.874257,110,PS-2-CAP-AN-
110900.0,66177.052545,110,PS-2-CAP-AN-
110900.0,69548.372757,110,PS-2-CAP-AN-
114975.607831,73490.925011,110,PS-2-CAP-AN-
110982.533096,73490.925011,110,PS-2-CAP-AN-
106494.064607,73490.925011,110,PS-2-CAP-AN-
106494.064607,73790.925011,110,PS-4-CAP-AN-
98890.705092,73790.925011,110,PS-4-CAP-AN-
92191.751266,73790.925011,110,PS-4-CAP-AN-
117163.110343,118760.820544,110,PS-2-CAP-AN-
117163.110343,121410.621503,110,PS-2-CAP-AN-
112273.888222,122100.124107,110,PS-2-CAP-AN-
108980.704051,122100.124107,110,PS-2-CAP-AN-
240012.500571,26738.034758,160,PS-2-CAP-AN-
244300.0,27591.400899,110,PS-2-CAP-AN-
243142.771933,25276.102105,110,PS-2-CAP-AN-
235225.0,27492.106669,110,PS-2-CAP-AN-
237509.469557,11812.96939,110,PS-2-CAP-AN-
235225.0,8774.953878,160,PS-2-CAP-AN-
239977.304919,41215.240578,160,PS-2-CAP-AN-
188720.745295,59364.220136,50,PS-2-CAP-AR-
138218.26459,59736.766766,110,PS-2-CAP-AN-
141973.78007,58573.315852,110,PS-2-CAP-AN-
146422.913061,59471.547432,110,PS-2-CAP-AN-
143220.835734,59736.766766,110,PS-2-CAP-AN-
145119.677248,59736.766766,110,PS-2-CAP-AN-
145962.943258,59736.766766,110,PS-2-CAP-AN-
146422.913061,60563.110037,110,PS-2-CAP-AN-
146422.913061,62938.672217,110,PS-2-CAP-AN-
276437.699348,78098.642566,110,PS-2-CAP-AN-
68626.411483,132369.216592,110,PS-2-CAP-AN-
65310.659028,131155.637691,50,PS-2-CAP-AN-
67899.473852,131155.637691,110,PS-2-CAP-AN-
68626.411483,136756.601658,110,PS-2-CAP-AN-
62123.490256,137479.749206,110,PS-2-CAP-AN-
64820.610273,109169.167659,110,PS-2-CAP-AN-
66000.931027,109169.167659,50,PS-2-CAP-AN-
252961.452641,58170.593394,110,PS-2-CAP-AN-
243388.044521,63201.527763,110,PS-2-CAP-AN-
249737.678068,61930.806566,110,PS-7-CAP-AN-
245235.0,63201.527763,110,PS-7-CAP-AN-
245235.0,64415.897528,50,PS-7-CAP-AN-
245045.084606,61930.806566,110,PS-7-CAP-AN-
249737.678068,61330.806566,110,PS-2-CAP-AN-
250684.001491,64841.122216,50,PS-7-CAP-AN-
261078.099658,55001.75151,50,PS-7-CAP-AN-
258826.124819,54797.5,110,PS-7-CAP-AN-
250683.22632,55025.0,110,PS-2-CAP-AN-
265125.0,72719.958764,110,PS-7-CAP-AN-
267634.110037,72133.99767,50,PS-7-CAP-AN-
270725.889963,72133.99767,50,PS-7-CAP-AN-
262085.058621,73886.786024,110,PS-7-CAP-AN-
268306.05326,73586.786024,110,PS-2-CAP-AN-
259303.462057,72375.0,110,PS-7-CAP-AN-
259303.462057,68150.0,50,PS-7-CAP-AN-
259303.462057,71100.000019,50,PS-7-CAP-AN-
253875.127932,74286.055379,110,PS-2-CAP-AN-
253444.748911,85235.477327,110,PS-7-CAP-AN-
256192.667381,85235.477327,110,PS-7-CAP-AN-
296641.689227,76106.613004,110,PS-2-CAP-AN-
296641.689227,75806.613004,110,PS-7-CAP-AN-
282745.680449,84143.467827,110,PS-7-CAP-AN-
277158.795287,84143.467827,50,PS-7-CAP-AN-
271541.665143,84825.0,50,PS-7-CAP-AN-
291395.138806,82765.889963,110,PS-7-CAP-AN-
298681.157801,82181.195659,110,PS-7-CAP-AN-
295523.449124,80777.751341,110,PS-2-CAP-AN-
295523.449124,74655.487393,110,PS-2-CAP-AN-
275325.0,89454.575997,80,PS-PW-1-CAP-
275325.0,85727.371008,80,PS-PW-1-CAP-
281270.761152,73586.786024,110,PS-2-CAP-AN-
275325.0,79001.872528,80,PS-PW-1-CAP-
284155.96828,74984.658965,65,PS-PW-1-CAP-
221950.0,76373.898174,110,PS-2-CAP-AN-
221950.0,73397.295837,110,PS-2-CAP-AN-
237509.469557,12819.03172,65,PS-PW-1-CAP-
238125.25,49845.424437,110,PS-2-CAP-AR-
232717.512726,54098.806743,50,PS-2-CAP-AN-
292494.03172,71987.172126,65,PS-PW-1-CAP-
243681.315598,38121.711674,110,PS-2-CAP-AN-
245413.77306,38121.711674,50,PS-2-CAP-AN-
247800.0,39192.640016,50,PS-2-CAP-AN-
242830.739303,39192.640016,50,PS-2-CAP-AN-
240457.097571,38121.711674,110,PS-2-CAP-AN-
237255.448627,38121.711674,160,PS-2-CAP-AN-
237255.448627,37588.762362,65,PS-PW-1-CAP-
191475.0,109549.533446,110,PS-2-CAP-AN-
191475.0,117705.112608,110,PS-2-CAP-AN-
191475.0,122852.800625,110,PS-2-CAP-AN-
189755.618321,121555.000016,110,PS-2-CAP-AN-
189755.618321,113759.394972,110,PS-2-CAP-AN-
190074.75479,106750.0,50,PS-2-CAP-AN-
191475.0,107446.332457,110,PS-2-CAP-AN-
193600.000015,124105.000016,110,PS-2-CAP-EME-
163973.304348,51318.356434,110,PS-2-CAP-AN-
172121.044178,48504.692894,110,PS-2-CAP-AN-
157767.946379,52259.209503,110,PS-2-CAP-AN-
158375.031044,52259.209503,110,PS-2-CAP-AN-
157069.420504,51318.356434,50,PS-2-CAP-AN-
158414.941875,51318.356434,110,PS-2-CAP-AN-
175898.655853,48504.692894,110,PS-2-CAP-AN-
177881.95721,48504.692894,50,PS-2-CAP-AN-
173570.473989,46314.165265,50,PS-2-CAP-AN-
171857.412181,46314.165265,50,PS-2-CAP-AN-
166425.0,56716.160207,110,PS-2-CAP-AN-
175750.031399,50425.447234,110,PS-2-CAP-AN-
203000.0,61485.0,50,PS-2-CAP-AR-
196892.045901,58920.246202,110,PS-2-CAP-AN-
203517.576502,58920.246202,110,PS-2-CAP-AN-
206664.011608,58920.246202,110,PS-2-CAP-AN-
207525.0,60331.812194,110,PS-2-CAP-AN-
206575.0,60301.349319,50,PS-2-CAP-AN-
203350.0,60257.626095,110,PS-2-CAP-AN-
201800.0,60257.626095,110,PS-2-CAP-AN-
187642.792336,48387.099711,50,PS-2-CAP-AN-
196771.31973,55750,50,PS-2-CAP-AN-
191512.372634,58920.246202,110,PS-2-CAP-AN-
195003.352639,58920.246202,110,PS-2-CAP-AN-
233306.731497,48492.682249,110,PS-2-CAP-AN-
239192.499997,60279.511512,110,PS-2-CAP-AN-
239192.499997,61409.773323,50,PS-2-CAP-AN-
238276.820588,58872.678841,110,PS-2-CAP-AN-
237129.291509,58872.678841,110,PS-2-CAP-AN-
236918.825973,64693.261388,50,PS-2-CAP-AN-
232757.665789,68139.676564,110,PS-2-CAP-AN-
234466.434937,68291.26563,110,PS-2-CAP-AN-
235331.019365,47630.997468,50,PS-2-CAP-AN-
236328.170961,30383.120881,110,PS-2-CAP-AN-
178696.363053,82021.317623,110,PS-2-CAP-AN-
170746.658584,79228.329384,110,PS-2-CAP-AN-
159474.220136,64125.0,50,PS-2-CAP-AR-
80487.36846,130577.773523,50,PS-2-CAP-AN-
80487.36846,133233.549753,110,PS-2-CAP-AN-
78529.146175,137479.749206,110,PS-2-CAP-AN-
75448.826649,122024.99587,110,PS-2-CAP-AN-
73317.214038,120600.470134,110,PS-2-CAP-AN-
82480.03061,121080.000005,110,PS-1-CAP-IK-1-
80479.187682,110091.881833,110,PS-2-CAP-AN-
239192.499997,62189.028775,50,PS-2-CAP-AN-
217508.071406,48925.0,50,PS-2-CAP-AN-
113224.96939,125257.5,110,PS-2-CAP-EME-
228755.823171,87345.551755,50,PS-2-CAP-AR-
226826.107552,87439.304696,110,PS-2-CAP-AR-
212324.022845,71353.294834,110,PS-2-CAP-AN-
212324.022845,73671.036192,110,PS-2-CAP-AN-
217850.132473,71786.632446,110,PS-2-CAP-AN-
225685.190697,77171.479857,110,PS-2-CAP-AN-
225685.190697,78040.878104,110,PS-2-CAP-AN-
225681.104114,75553.333381,110,PS-2-CAP-AN-
225147.524618,76312.227573,110,PS-2-CAP-AN-
225147.524618,73397.295837,110,PS-2-CAP-AN-
195636.641646,58178.349246,110,PS-2-CAP-AN-
195636.641646,54050.228791,110,PS-2-CAP-AN-
195636.641646,49068.318259,110,PS-2-CAP-AN-
195636.641646,47315.653816,110,PS-2-CAP-AN-
195636.641646,46247.584222,110,PS-2-CAP-AN-
203891.025639,77426.582516,110,PS-2-CAP-AN-
206924.999032,75905.762941,110,PS-2-CAP-AR-
203891.025639,75129.38654,110,PS-2-CAP-AN-
204794.072896,75627.627839,110,PS-2-CAP-AN-
205648.748363,75627.627839,110,PS-2-CAP-AN-
206523.444906,75627.627839,110,PS-2-CAP-AN-
203891.025639,72800.098211,110,PS-2-CAP-AN-
198146.093886,71786.632446,110,PS-2-CAP-AN-
187051.889288,75399.559635,110,PS-2-CAP-AN-
187275.0,76491.25,50,PS-2-CAP-AN-
177924.546923,70200.0,50,PS-2-CAP-AN-
182318.156191,70200.0,110,PS-2-CAP-AN-
184944.531498,70200.0,110,PS-2-CAP-AN-
185829.677658,70200.0,110,PS-2-CAP-AN-
178641.363053,83125.0,110,PS-2-CAP-EME-
178901.363053,83125.0,110,PS-4-CAP-AN-
170691.658584,83125.0,110,PS-2-CAP-EME-
185295.0,87525.0,110,PS-2-CAP-EME-
186041.457288,93864.423192,110,PS-2-CAP-AN-
187391.569875,95350.0,110,PS-2-CAP-AN-
186041.457288,90745.613244,110,PS-2-CAP-AN-
186470.835873,91375,110,PS-2-CAP-AN-
186041.457288,89004.777034,110,PS-2-CAP-AN-
196324.967411,71353.294834,110,PS-2-CAP-AN-
159930.0,83125.000016,110,PS-2-CAP-EME-
159875.0,84646.112733,110,PS-2-CAP-AN-
162260.109041,88769.999993,50,PS-2-CAP-AN-
159875.0,87759.770905,50,PS-2-CAP-AN-
164506.447711,59731.65804,50,PS-2-CAP-AN-
164250.18434,69200.0,110,PS-2-CAP-AN-
186575.0,70280.0,160,PS-2-CAP-EME-
247906.935091,98650.0,160,PS-2-CAP-AN-
240986.484943,117600.032589,110,PS-2-CAP-AN-
246225.807046,110846.548871,110,PS-2-CAP-AN-
240275.0,127244.790141,110,PS-2-CAP-AN-
227474.999644,81278.981459,110,PS-2-CAP-AN-
227474.999644,82709.649611,110,PS-2-CAP-AN-
227474.999644,87088.757821,110,PS-2-CAP-AN-
212145.0,90275.0,110,PS-2-CAP-EME-
217320.647178,90275.0,110,PS-2-CAP-AN-
219450.0,91358.734575,110,PS-2-CAP-AN-
230199.306324,88831.633988,110,PS-2-CAP-AN-
227300.000236,91224.29672,110,PS-2-CAP-AN-
227300.000236,90577.717928,110,PS-2-CAP-AN-
228445.173912,91225.001219,110,PS-2-CAP-AN-
186052.799394,131132.064883,110,PS-3-CAP-AR-
174151.782691,128997.530472,50,PS-3-CAP-AR-
175057.17919,137300.346841,50,PS-3-CAP-AN-
161601.180815,134575.000356,110,PS-2-CAP-AN-
150256.172518,119577.503484,50,PS-2-CAP-AN-
144711.35602,119577.503484,50,PS-2-CAP-AN-
145876.013211,132935.177881,110,PS-3-CAP-AN-
146300.0,129930.0,110,PS-3-CAP-AN-
145876.013211,129487.199341,110,PS-3-CAP-AN-
154098.400665,129875.0,50,PS-3-CAP-AN-
138374.064994,126670.698791,50,PS-3-CAP-AN-
146250.000015,119522.503484,110,PS-2-CAP-EME-
147855.546346,119577.503484,110,PS-2-CAP-AN-
162898.027888,135592.285402,110,PS-2-CAP-AN-
170300.0,133599.064725,110,PS-2-CAP-AN-
168918.738468,137550.346841,110,PS-2-CAP-AN-
167883.973737,137261.109127,110,PS-2-CAP-AN-
107400.0,135503.516116,110,PS-2-CAP-AN-
107565.548684,131703.886169,50,PS-3-CAP-AR-
114232.19844,132252.320699,110,PS-3-CAP-AR-
127950.000015,127036.636811,110,PS-2-CAP-AN-
127950.000015,129780.623351,110,PS-2-CAP-AN-
125299.446732,132003.886169,110,PS-2-CAP-AN-
114232.19844,132003.886169,110,PS-2-CAP-AN-
112077.133512,128075.0,110,PS-2-CAP-AN-
111383.554841,134349.392239,110,PS-3-CAP-AR-
111083.554841,134638.178159,160,PS-2-CAP-AN-
111383.554841,136619.090109,110,PS-3-CAP-AR-
108650.36743,138151.367065,110,PS-3-CAP-AR-
102688.725798,138151.367065,110,PS-3-CAP-AR-
95433.606993,138151.367065,110,PS-3-CAP-AR-
88338.728142,137551.367065,110,PS-3-CAP-AR-
96003.782523,137551.367065,110,PS-3-CAP-AR-
103260.924193,137551.367065,110,PS-3-CAP-AR-
109210.64788,137551.367065,110,PS-3-CAP-AR-
110783.554841,134329.211697,110,PS-3-CAP-AR-
114778.301171,131703.886169,110,PS-3-CAP-AR-
126445.0,130875.0,110,PS-3-CAP-AR-
50000.0,126710.141226,50,PS-PW-1-CAP-
71897.799442,127425.0,50,PS-PW-1-CAP-
73325.751943,129444.999649,50,PS-PW-1-CAP-
73325.751943,126032.493457,65,PS-PW-1-CAP-
66459.61079,122424.92785,50,PS-PW-1-CAP-
50000.0,117713.659049,50,PS-PW-1-CAP-
47611.751306,128870.61396,50,PS-PW-1-CAP-
59550.0,61638.932899,50,PS-PW-1-CAP-
60026.042554,66272.561406,50,PS-PW-1-CAP-
55749.831911,71973.25167,50,PS-PW-1-CAP-
49681.42566,71973.25167,50,PS-PW-1-CAP-
43514.144788,105977.128845,65,PS-PW-1-CAP-
47078.750805,110393.561312,65,PS-PW-1-CAP-
47291.707053,110180.605151,110,PS-2-CAP-AN-
47504.663302,109967.648989,65,PS-PW-1-CAP-
69265.428033,124397.383638,65,PS-PW-1-CAP-
62774.925018,124397.383638,65,PS-PW-1-CAP-
51828.377678,124397.383638,65,PS-PW-1-CAP-
49176.439338,124397.383638,65,PS-PW-1-CAP-
48898.73546,126710.141226,50,PS-PW-1-CAP-
48898.73546,121886.189095,65,PS-PW-1-CAP-
48898.73546,117011.4071,65,PS-PW-1-CAP-
126948.4797,48353.623851,50,PS-PW-1-CAP-
91707.353897,36549.919889,50,PS-PW-1-CAP-
93944.598128,45487.302102,50,PS-PW-1-CAP-
127924.178685,45825.0,50,PS-PW-1-CAP-
130547.431599,47116.399564,50,PS-PW-1-CAP-
130547.431599,39704.450404,65,PS-PW-1-CAP-
114305.842556,120597.982347,65,PS-PW-1-CAP-
118799.039764,124975.0,50,PS-PW-1-CAP-
92737.058311,90345.874257,50,PS-PW-1-CAP-
99727.00296,90345.874257,50,PS-PW-1-CAP-
112594.538737,90345.874257,50,PS-PW-1-CAP-
117965.0,85375.0,50,PS-PW-1-CAP-
115125.0,88054.345366,50,PS-PW-1-CAP-
110415.036956,117998.6119,50,PS-PW-1-CAP-
112411.96747,117998.6119,65,PS-PW-1-CAP-
93525.0,144229.092894,110,PS-3-CAP-AR-
93525.0,139026.1054,110,PS-3-CAP-AR-
94125.0,144633.358946,65,PS-PW-1-CAP-
93825.0,144229.092894,65,PS-PW-1-CAP-
94125.0,139311.731646,65,PS-PW-1-CAP-
93825.0,139026.1054,65,PS-PW-1-CAP-
95433.606993,138751.367065,65,PS-PW-1-CAP-
95433.606993,138451.367065,65,PS-PW-1-CAP-
102688.725798,138751.367065,65,PS-PW-1-CAP-
102688.725798,138451.367065,65,PS-PW-1-CAP-
108650.36743,138751.367065,65,PS-PW-1-CAP-
108650.36743,138451.367065,65,PS-PW-1-CAP-
114305.842556,129817.399214,65,PS-PW-1-CAP-
114791.469935,124424.784623,50,PS-PW-1-CAP-
126659.036538,129230.53899,65,PS-PW-1-CAP-
114187.464858,131403.886169,65,PS-PW-1-CAP-
111683.554841,134935.534291,65,PS-PW-1-CAP-
111983.554841,135180.696573,65,PS-PW-1-CAP-
216625.0,77222.287007,50,PS-PW-1-CAP-
213875.0,77222.287007,50,PS-PW-1-CAP-
214957.08381,77400.0,50,PS-PW-1-CAP-
212221.391271,77400.0,65,PS-PW-1-CAP-
210717.468581,75794.910198,65,PS-PW-1-CAP-
206749.624043,73657.06866,65,PS-PW-1-CAP-
198146.093886,73657.06866,65,PS-PW-1-CAP-
193636.469898,73657.06866,65,PS-PW-1-CAP-
196625.0,74150.772394,50,PS-PW-1-CAP-
188703.525799,73657.06866,50,PS-PW-1-CAP-
191467.839931,72861.451046,65,PS-PW-1-CAP-
191467.839931,67242.776747,65,PS-PW-1-CAP-
195936.641646,61003.698737,65,PS-PW-1-CAP-
195936.641646,51459.91032,65,PS-PW-1-CAP-
195936.641646,46247.584222,65,PS-PW-1-CAP-
195936.641646,42286.17166,65,PS-PW-1-CAP-
235825.0,9117.236021,65,PS-PW-1-CAP-
239551.925096,13069.03172,50,PS-PW-1-CAP-
242900.0,11219.740362,50,PS-PW-1-CAP-
235975.0,65447.37058,50,PS-PW-1-CAP-
254474.653072,65425.0,50,PS-PW-1-CAP-
232300.0,82246.84638,50,PS-PW-1-CAP-
255384.648519,77938.040301,50,PS-PW-1-CAP-
302530.42045,71025.0,50,PS-PW-1-CAP-
301594.659348,72662.230132,50,PS-PW-1-CAP-
298322.662398,73896.189507,50,PS-PW-1-CAP-
295823.449124,74971.148212,50,PS-PW-1-CAP-
295823.449125,81136.912825,50,PS-PW-1-CAP-
295273.449125,85400.693022,65,PS-PW-1-CAP-
295823.449125,85714.108247,50,PS-PW-1-CAP-
295273.449125,89126.985202,65,PS-PW-1-CAP-
295823.449125,89415.46593,50,PS-PW-1-CAP-
239350.0,134570.741123,50,PS-PW-1-CAP-
258271.579992,112851.696801,50,PS-PW-1-CAP-
249864.974834,112851.696801,50,PS-PW-1-CAP-
244263.246116,112851.696801,50,PS-PW-1-CAP-
242375.0,114234.314717,50,PS-PW-1-CAP-
242375.0,121685.392787,50,PS-PW-1-CAP-
242375.0,128797.498299,50,PS-PW-1-CAP-
242175.0,90900.1639,65,PS-PW-1-CAP-
239717.152411,65065.241301,50,PS-PW-1-CAP-
242237.764375,63201.527763,50,PS-PW-1-CAP-
249737.678068,61630.806566,50,PS-PW-1-CAP-
253261.452641,58609.977448,65,PS-PW-1-CAP-
252961.452641,44057.418014,110,PS-2-CAP-AN-
253261.452641,44368.592046,65,PS-PW-1-CAP-
187536.993035,91375,110,PS-2-CAP-AN-
113196.989656,45246.204588,50,PS-2-CAP-AN-
101557.614156,45565.457073,110,PS-2-CAP-AN-
89649.524819,38463.299909,50,PS-2-CAP-AN-
192688.416637,124050.000016,110,PS-2-CAP-AN-
183413.278982,90295.0,110,PS-2-CAP-AN-
185075.0,88974.96474,110,PS-2-CAP-AN-
241427.885293,125600.0,110,PS-2-CAP-AN-
184154.871694,128325.0,50,PS-3-CAP-AR-
208625.0,60331.812194,50,PS-2-CAP-AN-
63613.202578,62157.96939,110,PS-1-CAP-IK-1-
63723.695025,62171.780315,160,PS-2-CAP-EME-
58135.0,67425.0,50,PS-2-CAP-AR-
58335.0,69525.0,50,PS-2-CAP-AR-
60084.36898,76750.0,50,PS-2-CAP-AR-
58063.408558,88400.0,50,PS-2-CAP-AR-
59172.31616,88400.0,50,PS-2-CAP-AN-
65010.0,95299.818767,50,PS-2-CAP-AR-
67160.0,95300.0,50,PS-2-CAP-AR-
64931.204078,94854.714082,110,PS-2-CAP-AR-
75058.429053,98679.999949,50,PS-2-CAP-AR-
74062.39228,99099.571849,50,PS-2-CAP-AN-
64366.06633,99099.571849,110,PS-2-CAP-AN-
88785.001253,98719.999949,50,PS-2-CAP-AR-
80315.0,102850.0,50,PS-2-CAP-AR-
83414.999968,98719.999949,50,PS-2-CAP-AR-
107806.190009,98447.433508,50,PS-2-CAP-AR-
82575.0,101155.462834,110,PS-2-CAP-AN-
80328.75,115800.0,50,PS-2-CAP-AR-
79182.5,116075.0,50,PS-2-CAP-AR-
81060.0,110597.609599,50,PS-2-CAP-AR-
80444.187682,110585.596866,50,PS-2-CAP-AR-
80444.187682,112526.370447,50,PS-2-CAP-AR-
80170.721711,110945.285918,110,PS-2-CAP-AR-
81319.278289,110945.285918,110,PS-2-CAP-AR-
82953.619431,109584.999999,50,PS-2-CAP-AR-
82862.5,110775.0,110,PS-2-CAP-AN-
96265.0,111929.242656,50,PS-2-CAP-AR-
78964.707772,111200.0,50,PS-2-CAP-AR-
78965.0,113600.0,50,PS-2-CAP-AR-
79145.0,112400.0,110,PS-2-CAP-AR-
93219.605312,111929.242656,50,PS-2-CAP-AN-
80479.187682,111714.904684,50,PS-2-CAP-AN-
81374.278289,110091.881833,110,PS-2-CAP-AN-
53925.0,113586.506044,50,PS-2-CAP-AR-
65717.07694,115100.0,50,PS-2-CAP-AR-
68429.714082,114299.278289,110,PS-2-CAP-AR-
77640.0,115150.0,50,PS-2-CAP-AR-
66414.060487,113621.703915,50,PS-2-CAP-AR-
66414.060487,114964.690158,50,PS-2-CAP-AR-
66741.964645,109236.276086,50,PS-2-CAP-AR-
66920.442999,112564.636267,110,PS-2-CAP-AN-
56915.0,137472.655337,50,PS-2-CAP-AR-
57113.733467,135625.0,50,PS-2-CAP-AR-
58239.99998,135800.0,50,PS-2-CAP-AR-
63940.000007,130900.0,50,PS-2-CAP-AR-
66510.0,131800.0,50,PS-2-CAP-AR-
65472.261044,130490.0,50,PS-2-CAP-AR-
66125.0,138410.0,50,PS-2-CAP-AR-
69974.99965,138410.0,50,PS-2-CAP-AR-
67775.0,138035.0,50,PS-2-CAP-AR-
68324.99965,138035.0,50,PS-2-CAP-AR-
67425.0,138325.0,110,PS-2-CAP-AR-
68674.99965,138325.0,110,PS-2-CAP-AR-
75506.475553,136914.984133,50,PS-2-CAP-AR-
75565.000001,129750.0,50,PS-2-CAP-AR-
79240.0,132200.0,50,PS-2-CAP-AR-
79240.0,131300.0,50,PS-2-CAP-AR-
79475.0,129817.5,50,PS-2-CAP-AR-
80825.0,130040.0,50,PS-2-CAP-AR-
79525.0,131750.0,110,PS-2-CAP-AR-
53220.000002,136200.000005,110,PS-2-CAP-AN-
67880.105439,130525.0,50,PS-2-CAP-AR-
82099.273981,131750.0,110,PS-2-CAP-AR-
75565.000001,127300.35698,50,PS-2-CAP-AR-
84397.431663,125151.47278,110,PS-2-CAP-AR-
68140.0,130150.0,50,PS-2-CAP-AR-
59610.185998,136900.0,50,PS-2-CAP-AR-
80810.0,136250.943868,50,PS-2-CAP-AR-
85204.80003,137551.367065,50,PS-3-CAP-AR-
80487.36846,131610.089531,110,PS-2-CAP-AN-
66351.837933,130690.556303,50,PS-2-CAP-AR-
66817.76445,131155.637691,110,PS-2-CAP-AN-
67525.0,135562.5,50,PS-2-CAP-AR-
131775.0,109907.317955,110,PS-2-CAP-AN-
131720.201952,110770.29108,110,PS-2-CAP-AN-
116162.801897,120450.0,50,PS-2-CAP-AR-
117525.000968,117000,110,PS-2-CAP-AR-
117862.5,116550.0,50,PS-2-CAP-AR-
116187.5,117000.0,50,PS-2-CAP-AR-
118360.0,117700.0,50,PS-2-CAP-AR-
127895.000046,128800.0,110,PS-2-CAP-EME-
127895.000046,125199.999035,110,PS-2-CAP-EME-
132915.421861,116675.0,50,PS-2-CAP-AR-
109703.070998,127990.0,50,PS-2-CAP-AR-
110590.455955,126180.631068,50,PS-2-CAP-AR-
114109.544045,128274.851208,50,PS-2-CAP-AR-
115484.544045,128080.631068,50,PS-2-CAP-AR-
107450.0,133075.0,110,PS-2-CAP-AR-
118137.466783,117375,50,PS-2-CAP-AR-
117862.498583,117450.0,50,PS-2-CAP-AR-
109737.391984,126552.640066,110,PS-2-CAP-AR-
107785.813525,135959.894577,50,PS-3-CAP-AR-
123545.050349,130875.000016,110,PS-2-CAP-EME-
101695.000015,128025.000016,110,PS-2-CAP-EME-
106028.864462,128025.000016,110,PS-2-CAP-AN-
102796.361326,126765.167212,110,PS-2-CAP-AN-
105455.354823,126442.10882,50,PS-2-CAP-AN-
102737.940209,128025.000016,110,PS-2-CAP-AN-
110372.011078,130128.452682,110,PS-2-CAP-AR-
119046.714168,97261.316103,110,PS-2-CAP-AN-
115905.0,100550.0,110,PS-2-CAP-AN-
115309.884156,98218.62742,110,PS-2-CAP-AN-
117045.108905,97316.316103,110,PS-2-CAP-AN-
110900.557954,84376.19465,50,PS-2-CAP-AR-
101820.000015,89675.000016,110,PS-2-CAP-EME-
113060.000035,74625.0,50,PS-2-CAP-AR-
110645.0,64225.0,110,PS-2-CAP-EME-
112210.0,76625.0,50,PS-2-CAP-AR-
147412.30735,61275.779864,50,PS-2-CAP-AR-
97395.717811,19684.220136,50,PS-2-CAP-AR-
97035.965906,23722.698165,50,PS-2-CAP-AR-
89613.884237,24410.0,50,PS-2-CAP-AR-
92565.000002,24750,50,PS-2-CAP-AR-
94015.0,24750,50,PS-2-CAP-AR-
94849.220136,26485.0,50,PS-2-CAP-AR-
91800.779864,26485.0,50,PS-2-CAP-AR-
91914.025059,25149.999032,110,PS-2-CAP-AR-
94672.277748,25200.0,110,PS-2-CAP-AR-
94539.999999,31600.0,50,PS-2-CAP-AR-
94814.220135,30509.759796,50,PS-2-CAP-AR-
92085.0,28925.0,50,PS-2-CAP-AR-
97034.275553,31537.562919,50,PS-2-CAP-AR-
87454.509275,35550.779864,50,PS-2-CAP-AR-
97035.475181,39551.334274,50,PS-2-CAP-AR-
94856.886162,39516.334274,50,PS-2-CAP-AR-
89614.524819,40473.665726,50,PS-2-CAP-AR-
93700.0,45430.0,110,PS-2-CAP-EME-
93100.0,31680.0,110,PS-2-CAP-EME-
89225.0,28050.779864,50,PS-2-CAP-AR-
108382.684398,45000.0,50,PS-2-CAP-AR-
102262.5,44206.179311,50,PS-2-CAP-AR-
103210.0,44862.499944,50,PS-2-CAP-AR-
101749.949697,44862.499944,110,PS-2-CAP-AR-
102310.0,45375.0,50,PS-2-CAP-AR-
101745.0,46627.503484,110,PS-2-CAP-EME-
104725.0,48218.056605,50,PS-2-CAP-AR-
108320.285918,43900.721355,110,PS-2-CAP-AR-
124360.0,45250.0,50,PS-2-CAP-AR-
113231.989656,45821.119076,50,PS-2-CAP-AR-
125199.750103,44005.134443,50,PS-2-CAP-AN-
122752.619346,44005.134443,50,PS-2-CAP-AN-
104725.0,45682.299242,50,PS-2-CAP-AN-
103764.832983,44049.884256,50,PS-2-CAP-AN-
93335.0,25135.0,110,PS-2-CAP-AN-
93436.973583,24564.409818,110,PS-2-CAP-AN-
128172.821798,45200.0,50,PS-2-CAP-AR-
133333.437308,41600.0,50,PS-2-CAP-AR-
137407.77396,42899.999992,50,PS-2-CAP-AR-
141040.876645,37965.077015,50,PS-2-CAP-AR-
136560.0,37850.0,50,PS-2-CAP-AR-
135760.0,37850.0,50,PS-2-CAP-AR-
136144.434047,37919.008394,110,PS-2-CAP-AR-
139632.078085,37965.077015,110,PS-2-CAP-AR-
142101.246421,8319.81734,110,PS-2-CAP-EME-
134395.0,8375.0,110,PS-2-CAP-EME-
130315.714546,3925.779864,50,PS-2-CAP-AR-
135763.471012,4555.0,50,PS-2-CAP-AR-
176935.0,49400.0,50,PS-2-CAP-AR-
170772.655337,71356.318307,50,PS-2-CAP-AR-
159704.999984,99425.000016,110,PS-2-CAP-EME-
167779.999969,102825.0,110,PS-2-CAP-EME-
159537.768048,77949.220136,50,PS-2-CAP-AR-
159373.773379,91807.957748,50,PS-2-CAP-AR-
169890.0,75500,50,PS-2-CAP-AR-
169890.0,76400,50,PS-2-CAP-AR-
178896.363053,77400.162458,110,PS-2-CAP-AR-
178896.363053,77576.974093,110,PS-4-CAP-AR-
178846.363053,82020.370918,110,PS-4-CAP-AR-
178365.079167,84642.01992,50,PS-2-CAP-AR-
177541.876621,86830.759603,50,PS-2-CAP-AR-
178908.133062,84874.590096,50,PS-2-CAP-AR-
159875.0,89941.843755,50,PS-2-CAP-AN-
178696.363053,85605.979087,110,PS-2-CAP-AN-
178696.363053,83568.011715,110,PS-2-CAP-AN-
183000.0,91722.5,50,PS-2-CAP-AR-
188410.0,91375.0,50,PS-2-CAP-AR-
181075.0,90345.0,110,PS-2-CAP-AR-
185770.805635,90976.245175,50,PS-2-CAP-AR-
183715.31381,90526.921036,110,PS-2-CAP-AR-
192154.999984,107875.000016,110,PS-2-CAP-EME-
182537.5,113225.0,50,PS-2-CAP-AR-
178962.5,113225.0,50,PS-2-CAP-AR-
177675.224331,113273.781577,50,PS-2-CAP-AR-
178744.029305,113759.394972,110,PS-2-CAP-AN-
182695.000046,121555.000016,110,PS-2-CAP-EME-
177362.5,112350.0,50,PS-2-CAP-AR-
189235.544282,89800.0,50,PS-2-CAP-AR-
191475.0,106488.311305,110,PS-2-CAP-AN-
176675.247884,113502.012313,50,PS-2-CAP-AR-
182036.037154,113759.394972,110,PS-2-CAP-AN-
192645.000046,136525.000016,110,PS-2-CAP-EME-
157809.544045,129755.631068,50,PS-2-CAP-AR-
158228.60033,128761.279526,50,PS-2-CAP-AR-
195969.96939,70680.000005,110,PS-1-CAP-IK-1-
220727.5,75550.0,50,PS-2-CAP-AR-
221550.0,75586.157552,50,PS-2-CAP-AR-
204085.0,75000.0,50,PS-2-CAP-AR-
206025.0,76284.741223,50,PS-2-CAP-AR-
206575.0,76309.999996,50,PS-2-CAP-AR-
182390.0,69100.0,50,PS-2-CAP-AR-
187240.0,77050.0,50,PS-2-CAP-AR-
187017.550995,76357.233207,50,PS-2-CAP-AR-
192740.0,59106.355154,50,PS-2-CAP-AR-
207490.0,61350.0,50,PS-2-CAP-AR-
208019.110037,59750.0,50,PS-2-CAP-AR-
208660.0,61350.0,50,PS-2-CAP-AR-
202625.0,60538.438236,110,PS-2-CAP-AR-
205916.327686,54500.00001,50,PS-2-CAP-AR-
207675.0,52522.843989,50,PS-2-CAP-AR-
209017.027199,52556.275191,50,PS-2-CAP-AR-
222310.0,46075.0,50,PS-2-CAP-AR-
186065.0,48387.099711,50,PS-2-CAP-AR-
206525.0,54702.094154,110,PS-2-CAP-AR-
210733.672314,54500.00001,50,PS-2-CAP-AR-
210125.0,54702.094154,110,PS-2-CAP-AR-
189940.0,45950.0,50,PS-2-CAP-AR-
189515.779864,46649.999999,50,PS-2-CAP-AR-
191125.721711,48032.948852,110,PS-2-CAP-AR-
189975.0,47614.652923,50,PS-2-CAP-AN-
190874.248688,48387.099711,110,PS-2-CAP-AN-
193516.769726,48387.099711,110,PS-2-CAP-AN-
197133.718035,46650.0,50,PS-2-CAP-AN-
201941.643664,52788.560921,110,PS-2-CAP-AN-
209123.898521,52788.560921,110,PS-2-CAP-AN-
210125.0,53795.327538,110,PS-2-CAP-AN-
206525.0,53795.327538,110,PS-2-CAP-AN-
202612.791473,58920.246202,110,PS-2-CAP-AN-
227509.938078,75850.0,50,PS-2-CAP-AR-
226589.864173,75844.535368,50,PS-2-CAP-AR-
227810.0,80800.0,50,PS-2-CAP-AR-
227024.951142,78090.032917,110,PS-2-CAP-AR-
227474.999644,80210.53818,110,PS-2-CAP-AR-
225090.000316,87800.0,50,PS-2-CAP-AR-
225125.0,91934.998162,50,PS-2-CAP-AR-
228755.823171,92380.0,50,PS-2-CAP-AR-
227955.0,82475.0,110,PS-2-CAP-EME-
225867.516884,81644.122363,50,PS-2-CAP-AR-
225874.99998,69435.0,50,PS-2-CAP-AR-
224775.0,52399.865514,50,PS-2-CAP-AR-
226035.0,52175.0,50,PS-2-CAP-AR-
231122.32233,47947.32233,50,PS-2-CAP-AR-
230700.0,48445.0,110,PS-2-CAP-EME-
231837.721096,48492.682249,110,PS-2-CAP-AN-
225875.0,51739.319177,110,PS-2-CAP-AN-
225875.0,50490.391963,110,PS-2-CAP-AN-
239192.499997,62560.89138,50,PS-2-CAP-AR-
251715.0,71468.574421,50,PS-2-CAP-AR-
243928.512884,47600.131244,50,PS-2-CAP-AR-
247972.441517,48400.0,50,PS-2-CAP-AR-
261078.099658,56750.002279,50,PS-7-CAP-AN-
238360.0,50153.509803,50,PS-2-CAP-AR-
235635.0,52723.372435,50,PS-2-CAP-AR-
236683.313042,55200.0,50,PS-2-CAP-AR-
235837.5,54825.0,50,PS-2-CAP-AR-
233927.5,52385.779864,50,PS-2-CAP-AR-
235993.010116,53580.444807,110,PS-2-CAP-AR-
238255.0,53599.022222,50,PS-2-CAP-AR-
237408.749114,49820.424437,50,PS-2-CAP-AR-
245695.519319,48400.0,50,PS-2-CAP-AR-
239060.246883,51705.108491,110,PS-1-CAP-IK-1-
238892.499995,11812.96939,110,PS-1-CAP-IK-1-
247765.0,40300.0,50,PS-2-CAP-AR-
245165.092623,40525.0,110,PS-2-CAP-AR-
243332.570547,40780.0,50,PS-2-CAP-AR-
244839.80478,39192.640016,110,PS-2-CAP-AN-
245165.092623,39190.063394,50,PS-2-CAP-AN-
262280.03061,74919.999995,110,PS-1-CAP-IK-1-
262278.474891,74660.01936,110,PS-1-CAP-IK-1-
264293.90724,77224.927691,110,PS-7-CAP-AN-
266163.070758,77224.927691,50,PS-7-CAP-AN-
261560.641147,77224.927691,110,PS-7-CAP-AN-
244437.721699,85733.136177,110,PS-2-CAP-AN-
286280.03061,74919.999995,110,PS-1-CAP-IK-1-
284955.438482,73286.786024,110,PS-7-CAP-AN-
302167.03061,75087.500005,110,PS-1-CAP-IK-1-
302057.03061,74787.500005,110,PS-1-CAP-IK-1-
243244.999995,93955.03061,110,PS-1-CAP-IK-1-
243975.0,102463.150989,50,PS-2-CAP-AR-
238950.000005,101900.03061,110,PS-1-CAP-IK-1-
245866.040478,119450,50,PS-2-CAP-AR-
245763.639532,120275.0,50,PS-2-CAP-AR-
244190.0,119251.902618,50,PS-2-CAP-AR-
238950.000005,117900.03061,110,PS-1-CAP-IK-1-
238942.5,117600.032589,110,PS-2-CAP-EME-
238950.000005,125900.03061,110,PS-1-CAP-IK-1-
238942.5,125600.032589,110,PS-2-CAP-EME-
243299.999995,125899.998021,110,PS-1-CAP-IK-1-
243307.5,125600.0,110,PS-2-CAP-EME-
243412.500005,133842.03061,110,PS-1-CAP-IK-1-
243522.992452,133828.219685,110,PS-2-CAP-EME-
245835.0,124050.0,50,PS-2-CAP-AR-
149724.220136,119685.889617,50,PS-2-CAP-AR-
139689.012206,119426.136397,50,PS-2-CAP-AR-
146433.264074,120900.0,50,PS-2-CAP-AR-
153760.0,120275.0,50,PS-2-CAP-AR-
154800.0,129930.0,110,PS-3-CAP-AN-
138650.0,129930.0,110,PS-3-CAP-AN-
145876.013211,127488.348769,50,PS-3-CAP-AN-
139073.697247,127100.073277,50,PS-3-CAP-AN-
139073.283668,128716.585109,50,PS-3-CAP-AN-
139072.845936,133449.458151,110,PS-3-CAP-AN-
155650.000015,129930.000016,110,PS-2-CAP-EME-
141663.033492,12220.386942,110,PS-2-CAP-AN-
242174.999999,80000.219324,50,PS-PW-1-CAP-
236949.079708,74300.064212,50,PS-PW-1-CAP-
241925.0,101919.309907,50,PS-2-CAP-AN-
184220.965995,74575.0,50,PS-PW-1-CAP-
207236.168743,75627.627839,50,PS-2-CAP-AN-
239823.234815,125600.032589,110,PS-2-CAP-AN-
241875.0,108547.062975,110,PS-2-CAP-AN-
241875.0,111371.101657,110,PS-2-CAP-AN-
238942.5,101600.032589,110,PS-2-CAP-EME-
243307.5,101519.055434,110,PS-2-CAP-EME-
243307.49999,93600.032589,110,PS-2-CAP-EME-
238942.50001,93600.032589,110,PS-2-CAP-EME-
233299.599175,80433.206373,110,PS-2-CAP-EME-
233795.660229,79891.333973,110,PS-2-CAP-EME-
229758.063584,68595.563584,110,PS-2-CAP-EME-
234466.434937,66588.738776,110,PS-2-CAP-AN-
234466.434937,61651.989517,110,PS-2-CAP-AN-
234466.434937,57172.919455,110,PS-2-CAP-AN-
234466.434937,54391.102563,110,PS-2-CAP-AN-
234466.434937,53720.467313,110,PS-2-CAP-AN-
234466.434937,52173.502663,110,PS-2-CAP-AN-
242704.743468,61330.806566,110,PS-2-CAP-EME-
243333.044521,64747.002802,110,PS-2-CAP-EME-
187051.889288,72774.176743,110,PS-2-CAP-AN-
196324.967411,70617.5,110,PS-2-CAP-EME-
195617.370512,71786.632446,110,PS-2-CAP-AN-
193169.471528,71786.632446,110,PS-2-CAP-AN-
189283.548257,70200.0,110,PS-2-CAP-AN-
187420.528721,70200.0,110,PS-2-CAP-AN-
220324.967411,74982.49999,110,PS-2-CAP-EME-
212324.967411,74982.5,110,PS-2-CAP-EME-
220324.967411,70617.5,110,PS-2-CAP-EME-
212324.022845,70617.499997,110,PS-2-CAP-EME-
221554.121757,72086.632446,110,PS-2-CAP-AN-
223467.374796,72086.632446,110,PS-2-CAP-AN-
223467.374796,71786.632446,110,PS-2-CAP-AN-
224847.524618,70071.020835,110,PS-2-CAP-AN-
225147.524618,69703.617023,110,PS-2-CAP-AN-
243307.5,51999.967411,110,PS-2-CAP-EME-
239067.5,51999.967411,110,PS-2-CAP-EME-
238942.500972,43999.967411,110,PS-2-CAP-EME-
243307.5,43999.967411,110,PS-2-CAP-EME-
241382.194644,43999.967411,110,PS-2-CAP-AN-
234972.350598,37892.383917,160,PS-2-CAP-AN-
228754.583859,37892.383917,160,PS-2-CAP-AN-
243103.456636,27263.525094,110,PS-2-CAP-EME-
243307.5,27999.967411,110,PS-2-CAP-EME-
238942.5,27999.967411,110,PS-2-CAP-EME-
241885.121379,27999.967411,110,PS-2-CAP-AN-
237514.478924,25276.102105,160,PS-2-CAP-AN-
235225.0,23012.598906,160,PS-2-CAP-AN-
235225.0,15004.094553,160,PS-2-CAP-AN-
302174.096654,75252.352296,110,PS-2-CAP-EME-
294075.032589,70470.895736,110,PS-2-CAP-EME-
294175.032589,75129.104264,110,PS-2-CAP-EME-
286075.032589,70617.500016,110,PS-2-CAP-EME-
286075.032589,74982.499992,110,PS-2-CAP-EME-
285925.0,71985.587866,110,PS-7-CAP-AN-
285862.5,70860.0,110,PS-1-CAP-IK-1-
286075.0,71985.587866,110,PS-2-CAP-AN-
278087.247576,77963.307046,110,PS-2-CAP-EME-
270075.0,74982.492361,110,PS-2-CAP-EME-
262075.0,70454.759923,110,PS-2-CAP-EME-
262023.476865,74982.500007,110,PS-2-CAP-EME-
295523.449124,85401.053265,110,PS-2-CAP-AN-
295523.449124,89127.345446,110,PS-2-CAP-AN-
274725.0,75479.749417,110,PS-2-CAP-AN-
274725.0,79019.912767,110,PS-2-CAP-AN-
266095.402028,73886.786024,110,PS-7-CAP-AN-
260579.322754,73886.786024,110,PS-7-CAP-AN-
260095.299949,71812.351522,110,PS-7-CAP-AN-
260095.299947,73192.6809,110,PS-7-CAP-AN-
260095.299947,76061.341785,110,PS-7-CAP-AN-
260095.299947,81393.828695,110,PS-7-CAP-AN-
260095.299948,88909.810613,110,PS-7-CAP-AN-
220324.967411,73397.295837,110,PS-2-CAP-AN-
220324.967411,71588.57395,110,PS-2-CAP-AN-
224847.524618,66426.010283,110,PS-2-CAP-AN-
225147.524618,66107.138062,110,PS-2-CAP-AN-
218323.958518,59574.498187,110,PS-2-CAP-AN-
218623.958518,59255.625966,110,PS-2-CAP-AN-
218323.958518,55272.157691,110,PS-2-CAP-AN-
218623.958518,54953.28547,110,PS-2-CAP-AN-
218623.958518,47190.7507,110,PS-2-CAP-AN-
234466.434937,50988.526148,110,PS-2-CAP-AN-
236724.046476,51999.967411,110,PS-2-CAP-AN-
234466.434937,48885.532824,110,PS-2-CAP-AN-
240639.83577,48400.0,110,PS-2-CAP-AN-
243245.041307,50894.721107,110,PS-2-CAP-AN-
234466.434937,47826.103155,160,PS-2-CAP-AN-
234466.434937,44264.083453,160,PS-2-CAP-AN-
234466.434937,41049.719691,160,PS-2-CAP-AN-
240986.484943,101600.032589,110,PS-2-CAP-AN-
241925.0,99460.026712,110,PS-2-CAP-AN-
240986.484943,93600.032589,110,PS-2-CAP-AN-
241925.0,97255.785127,160,PS-2-CAP-AN-
257777.089589,98650.0,160,PS-2-CAP-AN-
241875.0,113871.138782,110,PS-2-CAP-AN-
244263.246116,112601.696801,110,PS-2-CAP-AN-
249864.974834,112601.696801,160,PS-2-CAP-AN-
258271.579992,112601.696801,160,PS-2-CAP-AN-
240275.0,124509.951486,110,PS-2-CAP-AN-
242827.233333,124050.0,50,PS-2-CAP-AN-
240275.0,122977.630179,110,PS-2-CAP-AN-
238980.499208,122000.0,110,PS-2-CAP-AN-
238170.00002,122000.000021,110,PS-2-CAP-AN-
65672.376956,137479.749206,110,PS-2-CAP-AN-
67121.931169,137479.749206,110,PS-2-CAP-AN-
69819.731853,137479.749206,110,PS-2-CAP-AN-
74434.383962,137479.749206,110,PS-2-CAP-AN-
76032.283855,137479.749206,110,PS-2-CAP-AN-
48598.73546,117326.57545,110,PS-2-CAP-AN-
61349.472081,112564.636267,110,PS-2-CAP-AN-
56150.907588,112564.636267,110,PS-2-CAP-AN-
51795.728322,112564.636267,110,PS-2-CAP-AN-
43301.188539,106190.085007,110,PS-2-CAP-AN-
82125.032589,125382.49999,110,PS-2-CAP-EME-
82125.032589,121017.50001,110,PS-2-CAP-EME-
90125.032589,125382.49999,110,PS-2-CAP-EME-
90125.032589,121017.50001,110,PS-2-CAP-EME-
86355.015666,124397.383638,110,PS-2-CAP-AN-
84308.967475,122024.99587,110,PS-2-CAP-AN-
82809.063774,124397.383638,110,PS-2-CAP-AN-
78664.031516,122024.99587,110,PS-2-CAP-AN-
76875.0,123287.764981,110,PS-2-CAP-AN-
78664.031516,124397.383638,110,PS-2-CAP-AN-
76575.0,123287.764981,110,PS-2-CAP-AN-
76875.0,126314.160784,110,PS-2-CAP-AN-
76578.207169,126314.160784,110,PS-2-CAP-AN-
77175.0,126638.75,110,PS-2-CAP-AN-
76875.0,133052.932641,110,PS-2-CAP-AN-
76578.207169,133052.932641,110,PS-2-CAP-AN-
77175.0,133377.521857,110,PS-2-CAP-AN-
76875.0,138529.184514,110,PS-2-CAP-AN-
76578.207169,138529.184514,110,PS-2-CAP-AN-
77175.0,138853.77373,110,PS-2-CAP-AN-
76875.0,144259.72253,110,PS-2-CAP-AN-
76578.207169,144259.72253,110,PS-2-CAP-AN-
77175.0,144584.311746,110,PS-2-CAP-AN-
94587.5,116050.0,110,PS-2-CAP-EME-
94816.35747,114876.779505,110,PS-2-CAP-AN-
92926.517147,113794.916481,110,PS-2-CAP-AN-
91875.678526,112782.510785,110,PS-2-CAP-AN-
91875.678526,110663.708627,110,PS-2-CAP-AN-
91875.678526,107687.732953,110,PS-2-CAP-AN-
91875.678526,103485.487295,110,PS-2-CAP-AN-
91875.678526,98799.104571,110,PS-2-CAP-AN-
91875.678526,91619.066661,110,PS-2-CAP-AN-
106125.032589,125257.5,110,PS-2-CAP-EME-
106125.03259,121017.500001,110,PS-2-CAP-EME-
111083.554841,123214.488494,110,PS-2-CAP-AN-
112068.16839,125320.0,110,PS-2-CAP-AN-
111083.554841,126667.299249,110,PS-2-CAP-AN-
111083.554841,127710.024847,110,PS-2-CAP-AN-
106125.0,127158.179986,110,PS-2-CAP-AN-
107522.285157,128025.000016,110,PS-2-CAP-AN-
110490.001645,128025.000038,110,PS-2-CAP-AN-
111083.554841,129196.473639,110,PS-2-CAP-AN-
111083.554841,131342.121807,110,PS-2-CAP-AN-
108650.36743,137851.367065,160,PS-2-CAP-AN-
102688.725798,137851.367065,160,PS-2-CAP-AN-
95433.606993,137851.367065,160,PS-2-CAP-AN-
93927.807998,137851.367065,160,PS-2-CAP-AN-
93225.0,139311.731646,160,PS-2-CAP-AN-
59142.5,102399.967411,110,PS-2-CAP-EME-
63507.500001,102399.967411,110,PS-2-CAP-EME-
61576.389752,102399.967411,110,PS-2-CAP-AN-
59342.377991,102399.967411,110,PS-2-CAP-AN-
60226.042554,100807.961427,110,PS-2-CAP-AN-
60226.042554,98298.450956,110,PS-2-CAP-AN-
57820.121472,97625.0,110,PS-2-CAP-AN-
50058.642276,97625.0,110,PS-2-CAP-AN-
59342.377991,94399.967411,110,PS-2-CAP-AN-
59142.5,94399.967411,110,PS-2-CAP-EME-
61576.389752,94399.967411,110,PS-2-CAP-AN-
63507.500001,94399.967411,110,PS-2-CAP-EME-
66488.307046,86437.752424,110,PS-2-CAP-EME-
64392.805014,86437.752424,110,PS-2-CAP-AN-
60226.042554,87460.165856,110,PS-2-CAP-AN-
60226.042554,90592.438618,110,PS-2-CAP-AN-
60226.042554,94960.868894,110,PS-2-CAP-AN-
60226.042554,95959.278018,110,PS-2-CAP-AN-
57820.121472,97025.0,110,PS-2-CAP-AN-
50058.642276,97025.0,110,PS-2-CAP-AN-
58329.797647,75265.897825,110,PS-2-CAP-AN-
59267.5,78399.967411,110,PS-2-CAP-EME-
63382.788425,78393.96992,110,PS-2-CAP-EME-
56595.755495,72475.582777,110,PS-2-CAP-AN-
50527.349244,72475.582777,110,PS-2-CAP-AN-
59142.5,70399.967411,110,PS-2-CAP-EME-
59205.0,71268.442317,110,PS-2-CAP-AN-
63507.5,70399.967411,110,PS-2-CAP-EME-
61862.688484,72224.417223,110,PS-2-CAP-AN-
60226.042554,66265.426958,110,PS-2-CAP-AN-
57679.226781,68534.988555,110,PS-2-CAP-AN-
57679.226781,70733.786478,110,PS-2-CAP-AN-
56595.755495,72224.417223,110,PS-2-CAP-AN-
50527.349244,72224.417223,110,PS-2-CAP-AN-
110675.0,35106.47712,110,PS-2-CAP-AN-
85865.0,137395.0,110,PS-3-CAP-AR-
202575.0,59867.960621,110,PS-2-CAP-AR-
263111.951233,66775.0,50,PS-7-CAP-AN-
264074.927482,72164.721004,50,PS-7-CAP-AN-
253261.452641,73122.11546,65,PS-PW-1-CAP-
251883.384887,61930.806566,110,PS-7-CAP-AN-
257399.676468,61930.806566,110,PS-7-CAP-AN-
250684.001491,62844.791444,110,PS-7-CAP-AN-
254849.277573,54797.5,110,PS-7-CAP-AN-
254165.727679,54797.5,110,PS-7-CAP-AN-
252961.452641,49471.901204,110,PS-2-CAP-AN-
253261.452641,49783.075236,65,PS-PW-1-CAP-
260094.282855,52809.411258,50,PS-7-CAP-AN-
260095.299947,55814.859325,110,PS-7-CAP-AN-
260095.299947,57298.051878,110,PS-7-CAP-AN-
260095.299947,60157.984428,110,PS-7-CAP-AN-
260095.299947,63199.42572,110,PS-7-CAP-AN-
260095.299947,66645.811175,110,PS-7-CAP-AN-
260095.299947,67496.001446,110,PS-7-CAP-AN-
260095.299947,69470.640437,110,PS-7-CAP-AN-
253261.452641,66201.509437,65,PS-PW-1-CAP-
252961.452641,72696.928955,110,PS-2-CAP-AN-
252961.452641,70268.248574,110,PS-2-CAP-AN-
252961.452641,62470.642045,110,PS-2-CAP-AN-
262075.0,72397.009098,110,PS-2-CAP-AN-
275025.000001,75779.749417,110,PS-2-CAP-AN-
275025.000001,79319.912767,110,PS-2-CAP-AN-
274725.0,83763.860651,110,PS-2-CAP-AN-
275025.000001,84063.860651,110,PS-2-CAP-AN-
274725.0,89170.417891,110,PS-2-CAP-AN-
275025.000001,89470.417891,110,PS-2-CAP-AN-
281716.574995,77733.307047,110,PS-7-CAP-AN-
283863.221165,81350.0,110,PS-7-CAP-AN-
282457.108885,81350.0,110,PS-7-CAP-AN-
281060.920547,81350.0,50,PS-7-CAP-AN-
282745.680449,86005.235427,50,PS-7-CAP-AN-
267407.402671,84825.0,110,PS-7-CAP-AN-
262054.796045,84825.0,110,PS-7-CAP-AN-
298420.620229,82765.889963,110,PS-7-CAP-AN-
288610.463785,82765.889963,110,PS-7-CAP-AN-
286981.981699,82765.889963,110,PS-7-CAP-AN-
285760.675268,82765.889963,110,PS-7-CAP-AN-
290116.550589,75806.613004,110,PS-7-CAP-AN-
300915.453118,75806.613004,110,PS-7-CAP-AN-
289157.456752,73286.786024,110,PS-7-CAP-AN-
284624.999999,73985.11513,110,PS-7-CAP-AN-
284624.999999,75488.486793,110,PS-7-CAP-AN-
284624.999999,77193.247571,110,PS-7-CAP-AN-
284624.999999,79958.139022,110,PS-7-CAP-AN-
284624.999999,81823.874905,110,PS-7-CAP-AN-
284624.999999,83485.909051,110,PS-7-CAP-AN-
284624.999999,85428.520884,110,PS-7-CAP-AN-
284624.999999,89224.399616,110,PS-7-CAP-AN-
241925.0,90591.319276,110,PS-2-CAP-AN-
247906.935091,98400,65,PS-PW-1-CAP-
257787.946604,98400,65,PS-PW-1-CAP-
246140.0,123150.0,50,PS-2-CAP-AR-
242633.549054,110224.736425,50,PS-2-CAP-AR-
239431.009718,106268.043583,110,PS-2-CAP-EME-
239267.615136,106162.384986,110,PS-1-CAP-IK-1-
241399.765513,106217.384986,110,PS-2-CAP-AN-
232475,87640.0,50,PS-2-CAP-AR-
233078.010968,88025.987012,110,PS-2-CAP-AR-
233060.799075,89250.75894,50,PS-2-CAP-AR-
227025.127544,75503.333381,110,PS-2-CAP-AR-
227074.951142,77171.479857,110,PS-2-CAP-AR-
236225.0,82365.0,50,PS-2-CAP-AR-
224590.000205,64033.676845,50,PS-2-CAP-AR-
221235.0,61500,50,PS-2-CAP-AR-
220072.871531,61500,50,PS-2-CAP-AN-
232324.217555,68765.962527,50,PS-2-CAP-AR-
234466.434937,69465.115622,50,PS-2-CAP-AN-
233435.050856,68730.962527,50,PS-2-CAP-AN-
220725.000356,48164.602648,110,PS-2-CAP-EME-
208189.13027,53284.999999,50,PS-2-CAP-AR-
208460.86973,53284.999999,50,PS-2-CAP-AR-
226035.0,52575.0,50,PS-2-CAP-AR-
225840.0,53331.512904,50,PS-2-CAP-AR-
226234.220136,53800.199912,50,PS-2-CAP-AR-
224993.75,51990.0,50,PS-2-CAP-AR-
237950.0,30433.120881,110,PS-2-CAP-AR-
244300.0,30433.120881,110,PS-2-CAP-AR-
236712.381045,46600.274912,50,PS-2-CAP-AR-
236631.661181,40241.085631,50,PS-2-CAP-AR-
238410.0,41933.332794,50,PS-2-CAP-AR-
235331.019365,46600.274912,50,PS-2-CAP-AN-
235331.019365,42255.0,110,PS-2-CAP-AN-
237452.831622,42255.0,110,PS-2-CAP-AN-
239435.0,49050.0,50,PS-2-CAP-AR-
198746.122374,55496.882645,110,PS-2-CAP-AR-
200675.900041,46650.0,50,PS-2-CAP-AR-
200675.900041,53101.457584,50,PS-2-CAP-AR-
199010.0,55750,50,PS-2-CAP-AR-
189695.0,48225.0,110,PS-2-CAP-EME-
190593.871261,48159.53986,50,PS-2-CAP-AR-
177359.220136,50099.877644,50,PS-2-CAP-AR-
198233.213212,52788.560921,110,PS-2-CAP-AN-
206539.890828,62026.977442,50,PS-2-CAP-AR-
207910.0,61749.110037,50,PS-2-CAP-AR-
195340.0,70925.0,50,PS-2-CAP-AR-
189160.745295,57794.30203,50,PS-2-CAP-AR-
195636.641646,42286.17166,110,PS-2-CAP-AN-
153037.702978,51318.356434,50,PS-2-CAP-AR-
141690.0,56625.0,50,PS-2-CAP-AR-
141815.0,57375.0,50,PS-2-CAP-AR-
145175.000356,59065.0,50,PS-2-CAP-AR-
143424.608399,59528.273502,50,PS-2-CAP-AR-
145490.45914,59604.220136,50,PS-2-CAP-AR-
142112.819166,57542.960943,50,PS-2-CAP-AR-
145725.0,59065.0,50,PS-2-CAP-AR-
147800.463898,58384.999999,50,PS-2-CAP-AR-
144875.0,59525.0,110,PS-2-CAP-AR-
146422.913061,58848.025558,50,PS-2-CAP-AR-
146025.000356,59525.0,110,PS-2-CAP-AR-
180560.372991,66000.266739,50,PS-2-CAP-AR-
171610.0,71050.0,50,PS-2-CAP-AR-
169710.0,69725.0,50,PS-2-CAP-AR-
169210.0,69012.5,50,PS-2-CAP-AR-
176800.000001,71361.690537,50,PS-2-CAP-AR-
167623.103173,69458.955091,50,PS-2-CAP-AR-
166806.284648,64900.727158,50,PS-2-CAP-AR-
168827.165125,69482.910136,110,PS-2-CAP-AR-
167387.860628,62975.0,50,PS-2-CAP-AR-
166990.0,62975.0,50,PS-2-CAP-AR-
161919.196408,77949.220136,50,PS-2-CAP-AR-
167710.0,59050,50,PS-2-CAP-AR-
170040.0,59050.0,50,PS-2-CAP-AR-
167130.0,58700.0,110,PS-2-CAP-EME-
171740.0,59576.68914,110,PS-2-CAP-AR-
171471.893814,64636.464017,110,PS-2-CAP-AR-
170772.655337,70182.444776,50,PS-2-CAP-AN-
171575.0,70192.01044,50,PS-2-CAP-AN-
167025.0,67775.564249,110,PS-2-CAP-AN-
168858.423813,69200.0,110,PS-2-CAP-AN-
169892.717087,69200.0,110,PS-2-CAP-AN-
170803.440897,69200.0,110,PS-2-CAP-AN-
167025.0,63998.019707,110,PS-2-CAP-AN-
91746.808004,16603.457393,50,PS-2-CAP-AR-
94811.710714,16638.457393,50,PS-2-CAP-AN-
99280.958478,27927.485597,110,PS-2-CAP-EME-
96773.528158,27771.441374,110,PS-2-CAP-AN-
97770.942877,34602.528885,50,PS-2-CAP-AR-
95395.0,33407.099957,50,PS-2-CAP-AN-
107890.0,43600.0,50,PS-2-CAP-AR-
110675.0,43947.560423,110,PS-2-CAP-AN-
126576.397721,44850.0,50,PS-2-CAP-AR-
128600.145738,43665.306164,50,PS-2-CAP-AR-
129780.396268,46046.165899,110,PS-2-CAP-AR-
129463.206767,46006.221984,110,PS-1-CAP-IK-1-
131193.405848,47887.720443,50,PS-2-CAP-AR-
142121.072627,34716.826451,110,PS-2-CAP-EME-
130560.0,12024.556219,50,PS-2-CAP-AR-
130592.514594,23501.121894,50,PS-2-CAP-AR-
130505.0,15625.0,110,PS-2-CAP-EME-
142142.497573,20125.426674,50,PS-2-CAP-EME-
141663.031065,17422.552913,50,PS-2-CAP-AN-
218518.5169,61998.237198,50,PS-2-CAP-AR-
221199.320773,61999.324737,110,PS-2-CAP-AN-
200050.828421,100743.421051,50,PS-2-CAP-AR-
168517.629774,83923.693286,50,PS-2-CAP-AR-
159875.0,81434.628093,110,PS-2-CAP-AN-
171334.137844,97233.052112,110,PS-2-CAP-EME-
178646.363053,86830.759603,110,PS-2-CAP-AR-
185040.0,91875.0,50,PS-2-CAP-AR-
187636.741847,91650.0,50,PS-2-CAP-AR-
185075.0,91096.274489,110,PS-2-CAP-AN-
186041.457288,90047.504295,110,PS-2-CAP-AN-
171487.690537,110630.814082,50,PS-2-CAP-AR-
186344.2708,107999.235779,50,PS-2-CAP-AR-
177437.500052,113299.999948,50,PS-2-CAP-AR-
180655.483435,113307.56019,110,PS-2-CAP-AR-
180123.467746,113759.394972,110,PS-2-CAP-AN-
190074.75479,107999.235779,50,PS-2-CAP-AN-
122982.5,64375.0,110,PS-2-CAP-EME-
130870.000114,59975.0,110,PS-2-CAP-EME-
134843.305744,64236.977844,110,PS-2-CAP-EME-
129980.336905,76314.638368,50,PS-2-CAP-AN-
124235.0,65376.690537,50,PS-2-CAP-AR-
112260.000356,70574.999674,50,PS-2-CAP-AR-
110625.0,77045.474484,110,PS-2-CAP-AR-
112483.308496,75850.000023,50,PS-2-CAP-AR-
110729.863288,70090.900977,110,PS-2-CAP-AR-
104001.76858,87725.00001,110,PS-2-CAP-EME-
102457.049479,90600.0,50,PS-2-CAP-AR-
58127.667442,72224.417223,110,PS-2-CAP-AN-
64265.967701,75312.572874,110,PS-2-CAP-AN-
61862.688484,72475.582777,110,PS-2-CAP-AN-
58329.797647,77557.792838,110,PS-2-CAP-AN-
58131.252265,99499.761804,50,PS-2-CAP-AR-
117489.64399,98580.292162,50,PS-2-CAP-AR-
89437.793407,105399.999998,50,PS-2-CAP-AR-
82610.0,102850.0,50,PS-2-CAP-AR-
85310.0,101900.0,50,PS-2-CAP-AR-
84900.0,103200.0,110,PS-2-CAP-AR-
84953.272376,101005.833662,110,PS-2-CAP-AN-
97700.0,116310.000001,50,PS-2-CAP-AR-
91002.784693,116309.999997,50,PS-2-CAP-AR-
89851.646024,116309.999997,50,PS-2-CAP-AR-
95702.791954,113794.916496,50,PS-2-CAP-AN-
91875.678526,115243.468009,110,PS-2-CAP-AN-
84896.727624,101750.0,110,PS-2-CAP-AR-
84953.272376,102558.322625,110,PS-2-CAP-AN-
81249.7263,100375.0,110,PS-2-CAP-AN-
86340.000001,101629.727677,50,PS-2-CAP-AR-
89114.176555,106157.110405,50,PS-2-CAP-AN-
112533.550515,71326.138273,50,PS-2-CAP-AR-
89862.5,120000.0,50,PS-2-CAP-AR-
71224.999998,113281.239478,50,PS-2-CAP-AR-
68384.03374,115400.0,50,PS-2-CAP-AR-
69694.999996,113281.239478,50,PS-2-CAP-AR-
66412.499959,111600.0,50,PS-2-CAP-AR-
68906.995826,115401.222471,50,PS-2-CAP-AR-
68075.0,113788.364935,110,PS-2-CAP-AR-
68656.127959,112564.636267,110,PS-2-CAP-AN-
71561.477979,99099.571849,110,PS-2-CAP-AN-
84860.0,128952.5,50,PS-2-CAP-AR-
84810.0,124750.68063,50,PS-2-CAP-AR-
84213.255669,126724.280687,50,PS-2-CAP-AR-
84215.0,134400.0,50,PS-3-CAP-AR-
88662.77664,137370.359322,50,PS-3-CAP-AR-
94462.576278,131075.0,50,PS-3-CAP-AR-
99850.23292,137462.119602,50,PS-3-CAP-AR-
105489.898868,125768.786203,50,PS-2-CAP-AR-
102469.266227,125151.165576,110,PS-2-CAP-AR-
102761.361326,124792.235512,50,PS-2-CAP-AR-
102440.0,126125.0,50,PS-2-CAP-AR-
110783.554841,128550.33952,50,PS-3-CAP-AR-
111925.455055,124536.410932,50,PS-2-CAP-AR-
111000.455955,124748.890871,50,PS-2-CAP-AR-
114410.862199,127999.323368,50,PS-2-CAP-AR-
102796.361326,125780.909889,110,PS-2-CAP-AN-
104490.838811,128025.000016,110,PS-2-CAP-AN-
110590.455955,129855.631068,50,PS-2-CAP-AR-
112590.1987,137455.631078,50,PS-3-CAP-AR-
112590.1987,135955.631068,50,PS-3-CAP-AR-
118131.398109,133226.42816,50,PS-3-CAP-AR-
135218.427062,135370.359322,50,PS-3-CAP-AR-
129167.670569,133226.42816,50,PS-3-CAP-AR-
123545.595806,130593.131078,50,PS-3-CAP-AR-
129920.204402,134234.865214,50,PS-3-CAP-AR-
124743.434939,132252.320699,110,PS-3-CAP-AR-
127576.091875,132252.320699,110,PS-3-CAP-AR-
118774.827358,132252.320699,110,PS-3-CAP-AR-
143276.431446,127005.795864,50,PS-3-CAP-AR-
149787.624863,127750.0,50,PS-3-CAP-AR-
153330.696834,128832.615218,50,PS-3-CAP-AR-
155534.544045,127355.631068,50,PS-3-CAP-AR-
157465.455955,128956.786137,50,PS-2-CAP-AR-
154901.455522,129188.866353,50,PS-3-CAP-AR-
138516.069022,136106.678761,50,PS-3-CAP-AR-
143840.455955,127905.466272,50,PS-3-CAP-AR-
140731.761167,127227.337561,50,PS-3-CAP-AR-
143618.536762,129100.0,50,PS-3-CAP-AR-
157840.455955,128308.130782,50,PS-2-CAP-AR-
141725.06357,134535.312665,50,PS-3-CAP-AR-
152696.269852,135305.631068,50,PS-3-CAP-AR-
149765.357943,135305.631068,50,PS-3-CAP-AR-
154940.813898,134200.0,50,PS-3-CAP-AR-
143250.0,135993.728875,50,PS-3-CAP-AR-
147086.344022,133394.329916,50,PS-3-CAP-AR-
139073.617134,134657.846015,50,PS-3-CAP-AN-
145876.013211,128581.593053,110,PS-3-CAP-AN-
145876.302172,134359.953537,50,PS-3-CAP-AN-
154450.000041,134359.953477,50,PS-3-CAP-AN-
154450.000041,132930.14366,50,PS-3-CAP-AN-
154800.0,128520.617087,50,PS-3-CAP-AN-
159332.09349,133974.422452,50,PS-3-CAP-AR-
159703.079962,134575.000356,110,PS-2-CAP-EME-
161601.180815,133968.791384,50,PS-3-CAP-AR-
162648.165743,135569.991784,50,PS-3-CAP-AR-
175349.049934,129000.0,50,PS-3-CAP-AR-
167070.954486,139325.0,50,PS-3-CAP-AR-
167132.418618,134100.0,50,PS-3-CAP-AR-
186831.081505,127751.561306,50,PS-3-CAP-AR-
181326.152818,128290.0,50,PS-3-CAP-AR-
192645.000046,136525.000016,110,PS-2-CAP-EME-
180985.0,137300.0,50,PS-3-CAP-AR-
200409.967185,128182.34659,50,PS-3-CAP-AR-
186270.954486,137275.0,50,PS-3-CAP-AR-
188919.834616,136750.0,50,PS-3-CAP-AR-
192186.998118,137673.362936,50,PS-3-CAP-AR-
200374.967185,130683.579482,50,PS-3-CAP-AR-
189985.819017,137275.0,110,PS-3-CAP-AR-
191413.688283,137275.0,110,PS-3-CAP-AR-
197733.438659,137275.0,110,PS-3-CAP-AR-
164364.610251,136828.027787,50,PS-3-CAP-AR-
166795.976207,137550.346841,50,PS-3-CAP-AR-
167719.316436,137550.346841,50,PS-3-CAP-AR-
168161.755483,137261.109127,110,PS-3-CAP-AN-
129955.204402,135627.303061,50,PS-3-CAP-AR-
236360.16083,88581.633988,50,PS-PW-1-CAP-
237116.081053,88831.633988,110,PS-2-CAP-AN-
234193.033408,81864.413821,110,PS-2-CAP-AN-
226298.334253,88831.633988,50,PS-2-CAP-AN-
227211.058719,88831.633988,110,PS-2-CAP-AN-
228555.141928,88831.633988,110,PS-2-CAP-AN-
234087.3592,88831.633988,110,PS-2-CAP-AN-
125905.0,72900.0,110,PS-2-CAP-EME-
127257.314083,75307.607729,50,PS-2-CAP-AN-
125850.0,74330.17686,50,PS-2-CAP-AN-
122927.5,64846.163007,110,PS-2-CAP-AN-
125563.485046,80820.933325,110,PS-2-CAP-EME-
110612.774705,77375.34873,110,PS-2-CAP-EME-
110612.774705,70475.34873,110,PS-2-CAP-EME-
112507.934295,73920.525858,110,PS-2-CAP-EME-
133837.500015,98575.000015,50,PS-2-CAP-EME-
123745.848433,90325.000016,110,PS-2-CAP-EME-
126685.308157,97409.833622,110,PS-2-CAP-EME-
134045.0,97225.0,110,PS-2-CAP-EME-
131997.053274,89715.312438,50,PS-2-CAP-AR-
130328.826219,85606.869384,50,PS-2-CAP-AN-
132012.605908,108597.793217,110,PS-2-CAP-AR-
110900.0,71059.432092,110,PS-2-CAP-AN-
110900.0,72565.096557,110,PS-2-CAP-AN-
98890.705092,73490.925011,110,PS-2-CAP-AN-
92214.440779,73490.925011,110,PS-2-CAP-AN-
165190.361158,121625.000016,110,PS-2-CAP-EME-
170587.5,121325.0,50,PS-2-CAP-AR-
175862.5,117750.0,50,PS-2-CAP-AR-
166578.677333,121891.608638,50,PS-2-CAP-AN-
93225.0,144557.159933,160,PS-2-CAP-AN-
126447.991226,125339.196338,50,PS-2-CAP-AR-
115370.25081,84700.251297,110,PS-2-CAP-EME-
110674.999644,75549.236793,110,PS-2-CAP-AN-
233435.050856,70350.0,50,PS-2-CAP-AN-
235911.906597,49496.0,110,PS-2-CAP-AN-
235911.906597,49795.424437,110,PS-2-CAP-AN-
234466.434937,47062.593125,160,PS-2-CAP-AN-
234466.434937,39081.868198,160,PS-2-CAP-AN-
228754.583859,38192.383917,160,PS-2-CAP-AN-
64200.0,109114.167659,110,PS-2-CAP-EME-
65725.0,109114.167677,110,PS-2-CAP-EME-
65934.099365,105510.028419,110,PS-2-CAP-EME-
73833.570512,100534.193857,110,PS-2-CAP-EME-
105915.210908,128182.788666,50,PS-3-CAP-AR-
101712.517967,128181.628433,50,PS-3-CAP-AR-
159828.539886,69200.0,110,PS-2-CAP-EME-
159575.0,69200.0,110,PS-2-CAP-EME-
159509.220136,62864.534272,50,PS-2-CAP-AN-
128945.000029,110974.999752,110,PS-2-CAP-EME-
125744.999659,110975.000331,110,PS-2-CAP-EME-
120974.999971,110974.999767,110,PS-2-CAP-EME-
164373.858197,127716.390857,110,PS-2-CAP-EME-
170350.0,130875.0,110,PS-2-CAP-AR-
172150.391816,134200,50,PS-3-CAP-AR-
172119.347872,130864.382169,110,PS-3-CAP-AR-
181064.171099,128325.0,50,PS-3-CAP-AR-
172169.347872,129905.956321,50,PS-3-CAP-AR-
192995.000046,99425.000016,110,PS-2-CAP-EME-
193075.0,100639.254652,110,PS-2-CAP-EME-
97167.5,103987.5,110,PS-2-CAP-EME-
103655.0,107275.0,110,PS-2-CAP-EME-
98128.902124,109805.434503,50,PS-2-CAP-AR-
94222.045134,109805.434503,50,PS-2-CAP-AN-
121920.892575,132497.898401,50,PS-3-CAP-AR-
126446.124761,132497.898401,50,PS-3-CAP-AR-
88955.0,139625.0,110,PS-2-CAP-EME-
85900.0,137240.0,50,PS-2-CAP-AR-
92435.458166,137851.367065,110,PS-2-CAP-AN-
88338.728142,137851.367065,50,PS-2-CAP-AN-
165399.309536,138202.579476,50,PS-3-CAP-AR-
167723.96481,137300.0,110,PS-2-CAP-AN-
164364.610251,136577.680945,110,PS-2-CAP-AN-
187484.40024,62679.260396,50,PS-2-CAP-AR-
187449.40024,60752.634939,110,PS-2-CAP-AN-
167111.932834,127225.109005,50,PS-2-CAP-AR-
218023.958518,42432.621713,65,PS-PW-1-CAP-
218323.958518,42735.758556,110,PS-2-CAP-AN-
218623.958518,42416.886335,110,PS-2-CAP-AN-
219003.45059,47872.990207,110,PS-2-CAP-AN-
219003.45059,48114.602648,50,PS-2-CAP-AN-
220518.280535,46649.999999,50,PS-2-CAP-AN-
222258.325851,48719.646035,110,PS-2-CAP-AN-
286802.357991,69402.842785,50,PS-2-CAP-AN-
130847.431599,46910.619112,50,PS-2-CAP-AN-
130847.431599,45627.753932,110,PS-2-CAP-AN-
171525.0,42078.400823,110,PS-2-CAP-AN-
81057.119254,36849.905707,65,PS-PW-1-CAP-
81057.122815,36249.884256,110,PS-2-CAP-AN-
81057.119254,36549.919889,50,PS-PW-1-CAP-
171525.0,49903.846378,110,PS-2-CAP-AN-
171525.0,47439.08384,110,PS-2-CAP-AN-
86288.293036,36249.884256,110,PS-2-CAP-AN-
86288.289475,36549.919889,50,PS-PW-1-CAP-
85951.468368,38362.813495,65,PS-PW-1-CAP-
94244.583946,37786.405128,110,PS-2-CAP-AN-
145414.420043,27778.590641,110,PS-2-CAP-AN-
133506.141433,43225.0,110,PS-2-CAP-AN-
139921.532305,38150.0,50,PS-2-CAP-AN-
135290.9507,38150.0,110,PS-2-CAP-AN-
134537.310992,38150.0,110,PS-2-CAP-AN-
130847.431599,42555.841911,110,PS-2-CAP-AN-
130847.431599,37647.503909,110,PS-2-CAP-AN-
130847.431599,36173.406332,110,PS-2-CAP-AN-
130847.431599,33193.583747,110,PS-2-CAP-AN-
130547.431599,33188.01411,65,PS-PW-1-CAP-
135172.068441,27778.590641,110,PS-2-CAP-AN-
135172.068441,27478.590641,65,PS-PW-1-CAP-
145414.420043,27478.590641,65,PS-PW-1-CAP-
294101.655759,66744.255227,50,PS-2-CAP-AN-
294101.655759,66567.5,50,PS-2-CAP-AN-
285967.336002,66567.5,50,PS-2-CAP-AN-
277508.069206,69850.0,110,PS-2-CAP-AR-
277793.069206,69850.0,50,PS-7-CAP-AN-
277738.069206,72074.06393,50,PS-7-CAP-AN-
281270.761152,73286.786024,50,PS-7-CAP-AN-
286075.0,72932.409243,110,PS-2-CAP-AN-
294907.42603,68048.054005,50,PS-2-CAP-AN-
276185.151666,73586.786024,110,PS-2-CAP-AN-
243022.499995,125900.03061,110,PS-1-CAP-IK-1-
239227.500005,125900.03061,110,PS-1-CAP-IK-1-
243055.142167,133787.03061,110,PS-1-CAP-IK-1-
239227.500005,117900.03061,110,PS-1-CAP-IK-1-
243022.499995,117900.03061,110,PS-1-CAP-IK-1-
245953.307063,109582.036668,110,PS-1-CAP-IK-1-
239227.500005,101900.03061,110,PS-1-CAP-IK-1-
243022.499995,101899.998021,110,PS-1-CAP-IK-1-
243022.499995,93900.03061,110,PS-1-CAP-IK-1-
239245.940539,85235.477327,110,PS-7-CAP-AN-
249524.853865,85235.477327,110,PS-7-CAP-AN-
248227.156377,85235.477327,110,PS-7-CAP-AN-
241675.0,99475.958698,110,PS-7-CAP-AN-
241675.0,94306.488317,110,PS-7-CAP-AN-
247906.935091,93108.397983,110,PS-7-CAP-AN-
258832.98598,93108.397983,110,PS-7-CAP-AN-
245793.998831,110862.499271,110,PS-7-CAP-AN-
247906.935092,120201.696801,110,PS-7-CAP-AN-
246021.503476,116048.900088,110,PS-2-CAP-AN-
245793.998831,116055.855568,110,PS-7-CAP-AN-
244829.682465,120201.696801,110,PS-7-CAP-AN-
241875.0,127315.782979,110,PS-7-CAP-AN-
241875.0,124514.530219,110,PS-7-CAP-AN-
258631.863908,120201.696801,110,PS-7-CAP-AN-
179345.000046,107876.318887,110,PS-2-CAP-EME-
166897.508742,113325.760567,110,PS-2-CAP-EME-
127573.111913,83480.752025,50,PS-2-CAP-AN-
125618.485046,81215.00532,50,PS-2-CAP-AN-
125490.244088,65391.221096,50,PS-2-CAP-AR-
123684.970534,66288.732802,50,PS-2-CAP-AR-
129999.99999,77833.867409,50,PS-2-CAP-AR-
125564.714082,74850.0,50,PS-2-CAP-AR-
125599.714082,72865.0,50,PS-2-CAP-AR-
113610.301281,71765.051473,50,PS-4-CAP-AR-
125395.0,68252.717721,50,PS-2-CAP-AR-
125910.0,73500.0,50,PS-2-CAP-AR-
125549.714082,73750.721355,110,PS-2-CAP-AR-
129007.271095,65176.563081,50,PS-2-CAP-AR-
125775.0,67410.523797,50,PS-2-CAP-AR-
120532.819381,75849.999999,50,PS-2-CAP-AR-
120259.953233,76600.0,50,PS-2-CAP-AR-
118724.231523,77095.285918,110,PS-2-CAP-AR-
112540.580387,76380.407276,50,PS-4-CAP-AR-
112540.580387,75424.920075,50,PS-4-CAP-AR-
112540.580387,74482.990851,50,PS-4-CAP-AR-
112505.751816,73497.49774,50,PS-4-CAP-AR-
122927.5,65897.874467,50,PS-2-CAP-AN-
125775.0,66627.581099,50,PS-2-CAP-AN-
126543.725308,65662.963003,50,PS-2-CAP-AN-
124101.962449,65662.963003,110,PS-2-CAP-AN-
124775.747246,65662.963003,110,PS-2-CAP-AN-
118722.899433,76756.960002,110,PS-2-CAP-AN-
118722.899433,76049.929947,110,PS-2-CAP-AN-
118722.899433,74693.746363,110,PS-2-CAP-AN-
112175.0,76271.462229,50,PS-2-CAP-AN-
112175.0,74842.380957,50,PS-2-CAP-AN-
167032.855056,102825.0,110,PS-2-CAP-EME-
166387.5,107047.500285,50,PS-2-CAP-AR-
166996.143939,107940.318519,50,PS-2-CAP-AR-
159263.793856,105248.63161,50,PS-2-CAP-AR-
159263.793856,105900.0,50,PS-2-CAP-AR-
159266.961888,111139.19068,50,PS-2-CAP-AR-
159266.961888,110435.848389,50,PS-2-CAP-AR-